<?xml version="1.0" encoding="utf-8"?>
<Defs>

 <SoundDef>
    <defName>ShotCyclerRifle</defName>
    <context>MapOnly</context>
    <eventNames />
    <priorityMode>PrioritizeNearest</priorityMode>
    <subSounds>
      <li>
        <muteWhenPaused>False</muteWhenPaused>
        <grains>
          <li Class="AudioGrain_Folder">
            <clipPath>CyclerRifleShot</clipPath>
          </li>
        </grains>
        <volumeRange>
          <min>80</min>
          <max>85</max>
        </volumeRange>
        <pitchRange>
          <min>0.9541177</min>        
          <max>1.091765</max>
        </pitchRange>
        <sustainLoop>False</sustainLoop>
      </li>
    </subSounds>
 </SoundDef>
  
</Defs>
