﻿<?xml version="1.0" encoding="utf-8" ?>
<Defs>

    <ThingDef Name="ApparelBase" Abstract="True">
    <thingClass>Apparel</thingClass>
    <category>Item</category>
    <selectable>True</selectable>
    <pathCost>10</pathCost>
    <useHitPoints>True</useHitPoints>
        <techLevel>Medieval</techLevel>
    <graphicData>
        <onGroundRandomRotateAngle>35</onGroundRandomRotateAngle>
    </graphicData>
    <drawGUIOverlay>true</drawGUIOverlay>
    <statBases>
        <MaxHitPoints>100</MaxHitPoints>
        <Flammability>1.0</Flammability>
        <DeteriorationRate>2</DeteriorationRate>
            <Beauty>-4</Beauty>
            <SellPriceFactor>0.70</SellPriceFactor>
        </statBases>
    <altitudeLayer>Item</altitudeLayer>
    <alwaysHaulable>True</alwaysHaulable>
    <tickerType>Never</tickerType>
    <comps>
        <li Class="CompProperties_Forbiddable"/>
        <li>
        <compClass>CompColorable</compClass>
        </li>
        <li>
        <compClass>CompQuality</compClass>
        </li>
    </comps>
    </ThingDef>

    <ThingDef Name="ApparelMakeableBase" ParentName="ApparelBase" Abstract="True">
    <recipeMaker>
        <workSpeedStat>TailoringSpeed</workSpeedStat>
        <workSkill>Crafting</workSkill>
        <effectWorking>Tailor</effectWorking>
        <soundWorking>Recipe_Tailor</soundWorking>
        <recipeUsers>
        <li>ElectricTailoringBench</li>
        <li>HandTailoringBench</li>
        </recipeUsers>
        <unfinishedThingDef>UnfinishedApparel</unfinishedThingDef>
        <defaultIngredientFilter>
        <categories>
            <li>Root</li>
        </categories>
        <exceptedThingDefs>
            <li>Gold</li>
            <li>Silver</li>
            <li>Plasteel</li>
            <li>Jade</li>
            <li>Uranium</li>
        </exceptedThingDefs>
        </defaultIngredientFilter>
    </recipeMaker>
    </ThingDef>

    <ThingDef Name="ArmorMakeableBase" ParentName="ApparelBase" Abstract="True">
    <recipeMaker>
        <workSpeedStat>SmithingSpeed</workSpeedStat>
        <workSkill>Crafting</workSkill>
        <effectWorking>Smith</effectWorking>
        <soundWorking>Recipe_Machining</soundWorking>
        <recipeUsers>
        <li>TableMachining</li>
        </recipeUsers>
        <unfinishedThingDef>UnfinishedApparel</unfinishedThingDef>
        <defaultIngredientFilter>
        <categories>
            <li>Root</li>
        </categories>
        <exceptedThingDefs>
            <li>Gold</li>
            <li>Silver</li>
            <li>Plasteel</li>
            <li>Jade</li>
            <li>Uranium</li>
        </exceptedThingDefs>
        </defaultIngredientFilter>
    </recipeMaker>
    </ThingDef>
  
  
  
  
  <!--Tusken-->
  
    <ThingDef ParentName="ApparelMakeableBase">
        <defName>Tusken_Garment</defName>
        
        <label>Tusken Raider Garment</label>
        <description>A garment made to protect against the elements</description>
        
        <graphicData>
            <texPath>Things/Apparel/Display/Apparel/Tusken_Garment</texPath>
            <graphicClass>Graphic_Single</graphicClass>
        </graphicData>
        
        <techLevel>Neolithic</techLevel>
        
        
        
        <costStuffCount>65</costStuffCount>
        <stuffCategories>
            <li>Fabric</li>
        </stuffCategories>
            
            
        <tradeability>Sellable</tradeability>
        <statBases>
            <MaxHitPoints>100</MaxHitPoints>
            <WorkToMake>4500</WorkToMake>
            <Mass>0.4</Mass>
            <ArmorRating_Blunt>0.10</ArmorRating_Blunt>
            <ArmorRating_Sharp>0.15</ArmorRating_Sharp>
            <Insulation_Heat>15</Insulation_Heat>
        </statBases>
        
        
        <thingCategories>
            <li>Apparel</li>
        </thingCategories>
        
        <apparel>
            <bodyPartGroups>
                <li>Torso</li>
                <li>Shoulders</li>
                <li>Arms</li>
                <li>Legs</li>
            </bodyPartGroups>
            <wornGraphicPath>Things/Apparel/Apparel/TuskenWraps</wornGraphicPath>
            <layers>
                <li>OnSkin</li>
                <li>Middle</li>
                <li>Shell</li>
            </layers>
            <tags>
                <li>Tribal</li>
            </tags>
            <defaultOutfitTags>
				<li>Worker</li>
				<li>Soldier</li>
			</defaultOutfitTags>
        </apparel>
        
        <recipeMaker>
            <recipeUsers>
                <li>ElectricTailoringBench</li>
                <li>HandTailoringBench</li>
                <li>CraftingSpot</li>
            </recipeUsers>
        </recipeMaker>
        
        <colorGenerator Class="ColorGenerator_Options">
			<options>
				<li>
					<only>RGBA(1,1,1,1)</only>
				</li>
			</options>
		</colorGenerator>
    </ThingDef>

</Defs>
