﻿<?xml version="1.0" encoding="utf-8" ?>
<Defs>

  <ThingDef Name="BaseMeleeWeapon" Abstract="True" ParentName="BaseWeapon">
    <techLevel>Industrial</techLevel>
		<smeltable>true</smeltable>
    <thingCategories>
      <li>WeaponsMelee</li>
    </thingCategories>

    <recipeMaker>
      <workSpeedStat>SmithingSpeed</workSpeedStat>
      <workSkill>Crafting</workSkill>
      <effectWorking>Smith</effectWorking>
      <soundWorking>Recipe_Smith</soundWorking>
      <recipeUsers>
        <li>ElectricSmithy</li>
        <li>FueledSmithy</li>
      </recipeUsers>
      <unfinishedThingDef>UnfinishedWeapon</unfinishedThingDef>
    </recipeMaker>
    <inspectorTabs>
      <li>ITab_Art</li>
    </inspectorTabs>
  </ThingDef>

		<ThingDef Name="BaseMeleeWeapon_Sharp" ParentName="BaseMeleeWeapon" Abstract="True">
    <recipeMaker>
    <defaultIngredientFilter>
      <categories>
        <li>Root</li>
      </categories>
      <exceptedThingDefs>
        <li>Silver</li>
        <li>Gold</li>
        <li>WoodLog</li>
      </exceptedThingDefs>
    </defaultIngredientFilter>
    </recipeMaker>
  </ThingDef>

  <ThingDef Name="BaseMeleeWeapon_Blunt" ParentName="BaseMeleeWeapon" Abstract="True">
    <recipeMaker>
      <defaultIngredientFilter>
        <categories>
          <li>Root</li>
        </categories>
        <exceptedThingDefs>
          <li>Silver</li>
          <li>Gold</li>
        </exceptedThingDefs>
      </defaultIngredientFilter>
    </recipeMaker>
  </ThingDef>

	<ThingDef Name="BaseMeleeWeapon_Sharp_Quality" Abstract="True" ParentName="BaseMeleeWeapon_Sharp">
		<comps>
			<li>
				<compClass>CompQuality</compClass>
			</li>
			<li Class="CompProperties_Art">
				<nameMaker>ArtName_WeaponMelee</nameMaker>
				<descriptionMaker>ArtDescription_WeaponMelee</descriptionMaker>
				<minQualityForArtistic>Excellent</minQualityForArtistic>
			</li>
		</comps>
	</ThingDef>

	<ThingDef Name="BaseMeleeWeapon_Blunt_Quality" Abstract="True" ParentName="BaseMeleeWeapon_Sharp">
		<comps>
			<li>
				<compClass>CompQuality</compClass>
			</li>
			<li Class="CompProperties_Art">
				<nameMaker>ArtName_WeaponMelee</nameMaker>
				<descriptionMaker>ArtDescription_WeaponMelee</descriptionMaker>
				<minQualityForArtistic>Excellent</minQualityForArtistic>
			</li>
		</comps>
	</ThingDef>




	<!-- ============================================================== -->


	<ThingDef ParentName="BaseMeleeWeapon_Sharp">
		<defName>MeleeWeapon_Gaderffii</defName>
		<label>gaderffii</label>
        <techLevel>Neolithic</techLevel>

		<description>The gaderffii, or gaffi stick, is the traditional melee weapon of the Tusken Raiders of Tatooine. It is a pole weapon with a spike or blade on one end and some kind of bludgeoning instrument on the other.</description>
        
		<graphicData>
			<texPath>Things/Item/Equipment/WeaponMelee/Gaderffii</texPath>
			<graphicClass>Graphic_Single</graphicClass>
		</graphicData>
        
    <weaponTags>
      <li>NonNeolithicOnlyMelee</li>
      <li>NonNeolithicOnlySimpleMelee</li>
      <li>NeolithicMeleeBasic</li>
    </weaponTags>
    
		<costStuffCount>20</costStuffCount>
        
		<statBases>
			<WorkToMake>400</WorkToMake>
			<Mass>0.4</Mass>
      <Weapon_Bulk>0.2</Weapon_Bulk>
		</statBases>
        
        
		<equippedAngleOffset>-65</equippedAngleOffset>
        
		<stuffCategories>
			<li>Metallic</li>
		</stuffCategories>
        
		<recipeMaker>
			<recipeUsers>
				<li>ElectricSmithy</li>
				<li>FueledSmithy</li>
				<li>CraftingSpot</li>
			</recipeUsers>
		</recipeMaker>
        
    <tools>
      <li>
        <label>handle</label>
        <capacities>
          <li>Blunt</li>
        </capacities>
        <power>12</power>
        <cooldownTime>0.6</cooldownTime>
      </li>
      <li>
        <label>point</label>
        <capacities>
          <li>Stab</li>
        </capacities>
        <power>7</power>
        <cooldownTime>1.6</cooldownTime>
      </li>
    </tools>
  </ThingDef>

</Defs>
